Workbook

Sheet Officials
A1: label | B1: id | C1: name | D1: surname | E1: name_surname | F1: surname_name | G1: country | H1: authority | I1: in_authority_id | K1: judge
A2: A | B2: csts.10650110 | C2: Jan | D2: Blažek | E2: Jan Blažek | F2: Blažek Jan | G2: CZE | H2: csts | I2: 10650110 | K2: 1
A3: B | B3: csts.10202791 | C3: Jindřich | D3: Činčura | E3: Jindřich Činčura | F3: Činčura Jindřich | G3: CZE | H3: csts | I3: 10202791 | K3: 1
A4: C | B4: csts.10105887 | C4: Vladimír | D4: Hána | E4: Vladimír Hána | F4: Hána Vladimír | G4: CZE | H4: csts | I4: 10105887 | K4: 1
A5: D | B5: csts.10105917 | C5: Oldřich | D5: Holý | E5: Oldřich Holý | F5: Holý Oldřich | G5: CZE | H5: csts | I5: 10105917 | K5: 1
A6: E | B6: csts.10105948 | C6: Jan | D6: Jadlovský | E6: Jan Jadlovský | F6: Jadlovský Jan | G6: CZE | H6: csts | I6: 10105948 | K6: 1
A7: F | B7: csts.10622308 | C7: Kristýna | D7: Mücková | E7: Kristýna Mücková | F7: Mücková Kristýna | G7: CZE | H7: csts | I7: 10622308 | K7: 1
A8: G | B8: csts.10200742 | C8: Jiří | D8: Pixa | E8: Jiří Pixa | F8: Pixa Jiří | G8: CZE | H8: csts | I8: 10200742 | K8: 1
A9: H | B9: csts.10644232 | C9: Veronika | D9: Sedlecká | E9: Veronika Sedlecká | F9: Sedlecká Veronika | G9: CZE | H9: csts | I9: 10644232 | K9: 1
A10: I | B10: csts.10658925 | C10: Jan Carlos | D10: Sekera | E10: Jan Carlos Sekera | F10: Sekera Jan Carlos | G10: CZE | H10: csts | I10: 10658925 | K10: 1
A11: J | B11: csts.10628638 | C11: Jakub | D11: Schuller | E11: Jakub Schuller | F11: Schuller Jakub | G11: CZE | H11: csts | I11: 10628638 | K11: 1
A12: K | B12: csts.10236987 | C12: Kateřina | D12: Šebková | E12: Kateřina Šebková | F12: Šebková Kateřina | G12: CZE | H12: csts | I12: 10236987 | K12: 1
A13: L | B13: csts.10306413 | C13: Andrea | D13: Třeštiková | E13: Andrea Třeštiková | F13: Třeštiková Andrea | G13: CZE | H13: csts | I13: 10306413 | K13: 1
... A15: N | B15: csts.10211427 | C15: David | D15: Vejchar | E15: David Vejchar | F15: Vejchar David | G15: CZE | H15: csts | I15: 10211427 | K15: 1

Sheet Judges
A1: label | H1: #1 | I1: #2 | J1: #3 | K1: #4 | L1: #5 | M1: #6 | N1: #7 | O1: #8 | P1: #9 | Q1: #10 | R1: #11 | S1: #12 | T1: #13 | U1: #14 | V1: #15 | W1: #16 | X1: #17 | Y1: #19 | Z1: #20 | AA1: #21 | AB1: #22 | AC1: #23 | AD1: #24 | AE1: #25 | AF1: #26 | AG1: #27 | AH1: #28 | AI1: #29 | AJ1: #30 | AK1: #31 | AL1: #32 | AM1: #33 | AN1: #101 | AO1: #102
H2: ranking | I2: ranking | J2: ranking | K2: ranking | L2: ranking | M2: ranking | N2: ranking | O2: ranking | P2: ranking | Q2: ranking | R2: ranking | S2: ranking | T2: ranking | U2: ranking | V2: ranking | W2: ranking | X2: ranking | Y2: ranking | Z2: ranking | AA2: ranking | AB2: ranking | AC2: ranking | AD2: ranking | AE2: ranking | AF2: ranking | AG2: ranking | AH2: ranking | AI2: ranking | AJ2: ranking | AK2: ranking | AL2: ranking | AO2: ranking
H3: sport | I3: sport | J3: sport | K3: sport | L3: sport | M3: sport | N3: sport | O3: sport | P3: sport | Q3: sport | R3: sport | S3: sport | T3: sport | U3: sport | V3: sport | W3: sport | X3: sport | Y3: tpv | Z3: tpv | AA3: tpv | AB3: tpv | AC3: tpv | AD3: tpv | AE3: tpv | AF3: tpv | AG3: tpv | AH3: tpv | AI3: tpv | AJ3: tpv | AK3: tpv | AL3: tpv | AO3: tpv
H4: juv-ii | I4: juv-ii | J4: juv-ii | K4: jun-i | L4: jun-i | M4: jun-i | N4: jun-i | O4: jun-ii | P4: jun-ii | Q4: jun-ii | R4: jun-ii | S4: jun-ii | T4: jun-ii | U4: y | V4: a | W4: a | X4: a | Y4: u-8 | Z4: juv-i | AA4: juv-i | AB4: juv-i | AC4: juv-ii | AD4: juv-ii | AE4: juv-ii | AF4: juv | AG4: jun-i | AH4: jun-i | AI4: jun-ii | AJ4: jun-ii | AK4: jun-ii | AL4: jun-ii | AO4: jun
H5: e | I5: d | J5: d | K5: d | L5: d | M5: c | N5: c | O5: d | P5: d | Q5: c | R5: c | S5: b | T5: b | U5: b | V5: e | W5: e | X5: d | Y5: n | Z5: n | AA5: br | AB5: br | AC5: n | AD5: br | AE5: br | AF5: br | AG5: s | AH5: s | AI5: br | AJ5: br | AK5: s | AL5: s | AO5: br
H7: couple | I7: couple | J7: couple | K7: couple | L7: couple | M7: couple | N7: couple | O7: couple | P7: couple | Q7: couple | R7: couple | S7: couple | T7: couple | U7: couple | V7: couple | W7: couple | X7: couple | Y7: solo | Z7: solo | AA7: solo | AB7: solo | AC7: solo | AD7: solo | AE7: solo | AF7: duo | AG7: solo | AH7: solo | AI7: solo | AJ7: solo | AK7: solo | AL7: solo | AO7: duo
H8: stt+lat | I8: stt | J8: lat | K8: stt | L8: lat | M8: stt | N8: lat | O8: stt | P8: lat | Q8: stt | R8: lat | S8: stt | T8: lat | U8: stt | V8: stt | W8: lat | X8: stt | Y8: stt+lat | Z8: stt+lat | AA8: stt | AB8: lat | AC8: stt+lat | AD8: stt | AE8: lat | AF8: lat | AG8: stt | AH8: lat | AI8: stt | AJ8: lat | AK8: stt | AL8: lat | AO8: lat
H10: Děti-II E KOMB | I10: Děti-II D STT | J10: Děti-II D LAT | K10: Jun-I D STT | L10: Jun-I D LAT | M10: Jun-I C STT | N10: Jun-I C LAT | O10: Jun-II D STT | P10: Jun-II D LAT | Q10: Jun-II C STT | R10: Jun-II C LAT | S10: Jun-II B STT | T10: Jun-II B LAT | U10: Mládež B STT | V10: Dospělí E STT | W10: Dospělí E LAT | X10: Dospělí D STT | Y10: TPV Do 8 let N Solo KOMB | Z10: TPV Děti-I N Solo KOMB | AA10: TPV Děti-I Br Solo STT | AB10: TPV Děti-I Br Solo LAT | AC10: TPV Děti-II N Solo KOMB | AD10: TPV Děti-II Br Solo STT | AE10: TPV Děti-II Br Solo LAT | AF10: TPV Děti Br Duo LAT | AG10: TPV Jun-I S Solo STT | AH10: TPV Jun-I S Solo LAT | AI10: TPV Jun-II Br Solo STT | AJ10: TPV Jun-II Br Solo LAT | AK10: TPV Jun-II S Solo STT | AL10: TPV Jun-II S Solo LAT | AM10: TPV Jun Br Duo LAT | AN10: MZ Polka Cup sólo | AO10: MZ Polka cup páry
H12: =SUM(H14:H29) -> 7 | I12: =SUM(I14:I29) -> 7 | J12: =SUM(J14:J29) -> 7 | K12: =SUM(K14:K29) -> 7 | L12: =SUM(L14:L29) -> 7 | M12: =SUM(M14:M29) -> 7 | N12: =SUM(N14:N29) -> 7 | O12: =SUM(O14:O29) -> 7 | ... AO12: =SUM(AO14:AO29) -> 5
A14: =Officials!A2 -> A | C14: =Officials!D2 -> Blažek | D14: =Officials!C2 -> Jan | F14: =SUM(H14:AO14) -> 15 | H14: 1 | J14: 1 | K14: 1 | L14: 1 | O14: 1 | V14: 1 | W14: 1 | X14: 1 | Z14: 1 | AB14: 1 | AF14: 1 | AI14: 1 | AK14: 1 | AL14: 1 | AN14: 1 | AQ14: =F14 -> 15 | AS14: =A14 -> A | AU14: =D14 -> Jan | AV14: =C14 -> Blažek
A15: =Officials!A3 -> B | C15: =Officials!D3 -> Činčura | D15: =Officials!C3 -> Jindřich | F15: =SUM(H15:AO15) -> 14 | I15: 1 | M15: 1 | N15: 1 | Q15: 1 | R15: 1 | S15: 1 | T15: 1 | U15: 1 | W15: 1 | X15: 1 | Z15: 1 | AG15: 1 | AM15: 1 | AN15: 1 | AQ15: =F15 -> 14 | AS15: =A15 -> B | AU15: =D15 -> Jindřich | AV15: =C15 -> Činčura
A16: =Officials!A4 -> C | C16: =Officials!D4 -> Hána | D16: =Officials!C4 -> Vladimír | F16: =SUM(H16:AO16) -> 15 | I16: 1 | L16: 1 | M16: 1 | N16: 1 | P16: 1 | Q16: 1 | R16: 1 | S16: 1 | T16: 1 | U16: 1 | V16: 1 | X16: 1 | Y16: 1 | AC16: 1 | AM16: 1 | AQ16: =F16 -> 15 | AS16: =A16 -> C | AU16: =D16 -> Vladimír | AV16: =C16 -> Hána
A17: =Officials!A5 -> D | C17: =Officials!D5 -> Holý | D17: =Officials!C5 -> Oldřich | F17: =SUM(H17:AO17) -> 15 | K17: 1 | M17: 1 | N17: 1 | O17: 1 | Q17: 1 | R17: 1 | S17: 1 | T17: 1 | U17: 1 | W17: 1 | AF17: 1 | AG17: 1 | AK17: 1 | AM17: 1 | AO17: 1 | AQ17: =F17 -> 15 | AS17: =A17 -> D | AU17: =D17 -> Oldřich | AV17: =C17 -> Holý
A18: =Officials!A6 -> E | C18: =Officials!D6 -> Jadlovský | D18: =Officials!C6 -> Jan | F18: =SUM(H18:AO18) -> 14 | J18: 1 | K18: 1 | M18: 1 | N18: 1 | O18: 1 | Q18: 1 | R18: 1 | S18: 1 | T18: 1 | U18: 1 | Y18: 1 | Z18: 1 | AN18: 1 | AO18: 1 | AQ18: =F18 -> 14 | AS18: =A18 -> E | AU18: =D18 -> Jan | AV18: =C18 -> Jadlovský
A19: =Officials!A7 -> F | C19: =Officials!D7 -> Mücková | D19: =Officials!C7 -> Kristýna | F19: =SUM(H19:AO19) -> 12 | H19: 1 | J19: 1 | M19: 1 | N19: 1 | Q19: 1 | R19: 1 | S19: 1 | T19: 1 | U19: 1 | W19: 1 | AJ19: 1 | AO19: 1 | AQ19: =F19 -> 12 | AS19: =A19 -> F | AU19: =D19 -> Kristýna | AV19: =C19 -> Mücková
A20: =Officials!A8 -> G | C20: =Officials!D8 -> Pixa | D20: =Officials!C8 -> Jiří | F20: =SUM(H20:AO20) -> 14 | I20: 1 | K20: 1 | M20: 1 | N20: 1 | P20: 1 | Q20: 1 | R20: 1 | S20: 1 | T20: 1 | U20: 1 | AC20: 1 | AE20: 1 | AH20: 1 | AO20: 1 | AQ20: =F20 -> 14 | AS20: =A20 -> G | AU20: =D20 -> Jiří | AV20: =C20 -> Pixa
A21: =Officials!A9 -> H | C21: =Officials!D9 -> Sedlecká | D21: =Officials!C9 -> Veronika | F21: =SUM(H21:AO21) -> 15 | H21: 1 | I21: 1 | O21: 1 | P21: 1 | V21: 1 | W21: 1 | X21: 1 | Y21: 1 | Z21: 1 | AB21: 1 | AD21: 1 | AG21: 1 | AH21: 1 | AI21: 1 | AJ21: 1 | AQ21: =F21 -> 15 | AS21: =A21 -> H | AU21: =D21 -> Veronika | AV21: =C21 -> Sedlecká
A22: =Officials!A10 -> I | C22: =Officials!D10 -> Sekera | D22: =Officials!C10 -> Jan Carlos | F22: =SUM(H22:AO22) -> 15 | H22: 1 | J22: 1 | L22: 1 | P22: 1 | AA22: 1 | AC22: 1 | AD22: 1 | AE22: 1 | AH22: 1 | AJ22: 1 | AK22: 1 | AL22: 1 | AM22: 1 | AN22: 1 | AO22: 1 | AQ22: =F22 -> 15 | AS22: =A22 -> I | AU22: =D22 -> Jan Carlos | AV22: =C22 -> Sekera
A23: =Officials!A11 -> J | C23: =Officials!D11 -> Schuller | D23: =Officials!C11 -> Jakub | F23: =SUM(H23:AO23) -> 15 | I23: 1 | J23: 1 | L23: 1 | O23: 1 | P23: 1 | V23: 1 | Y23: 1 | Z23: 1 | AA23: 1 | AB23: 1 | AC23: 1 | AE23: 1 | AF23: 1 | AI23: 1 | AM23: 1 | AQ23: =F23 -> 15 | AS23: =A23 -> J | AU23: =D23 -> Jakub | AV23: =C23 -> Schuller
A24: =Officials!A12 -> K | C24: =Officials!D12 -> Šebková | D24: =Officials!C12 -> Kateřina | F24: =SUM(H24:AO24) -> 15 | H24: 1 | I24: 1 | J24: 1 | K24: 1 | L24: 1 | O24: 1 | P24: 1 | V24: 1 | W24: 1 | AA24: 1 | AB24: 1 | AD24: 1 | AH24: 1 | AJ24: 1 | AL24: 1 | AQ24: =F24 -> 15 | AS24: =A24 -> K | AU24: =D24 -> Kateřina | AV24: =C24 -> Šebková
A25: =Officials!A13 -> L | C25: =Officials!D13 -> Třeštiková | D25: =Officials!C13 -> Andrea | F25: =SUM(H25:AO25) -> 2 | W25: 1 | X25: 1 | AQ25: =F25 -> 2 | AS25: =A25 -> L | AU25: =D25 -> Andrea | AV25: =C25 -> Třeštiková
A26: =Officials!A14 -> M | C26: =Officials!D14 -> Varnuška | D26: =Officials!C14 -> Michal | F26: =SUM(H26:AO26) -> 14 | H26: 1 | I26: 1 | J26: 1 | K26: 1 | L26: 1 | O26: 1 | P26: 1 | V26: 1 | X26: 1 | AB26: 1 | AE26: 1 | AF26: 1 | AI26: 1 | AL26: 1 | AQ26: =F26 -> 14 | AS26: =A26 -> M | AU26: =D26 -> Michal | AV26: =C26 -> Varnuška
A27: =Officials!A15 -> N | C27: =Officials!D15 -> Vejchar | D27: =Officials!C15 -> David | F27: =SUM(H27:AO27) -> 14 | H27: 1 | K27: 1 | L27: 1 | M27: 1 | N27: 1 | Q27: 1 | R27: 1 | S27: 1 | T27: 1 | U27: 1 | V27: 1 | X27: 1 | AD27: 1 | AK27: 1 | AQ27: =F27 -> 14 | AS27: =A27 -> N | AU27: =D27 -> David | AV27: =C27 -> Vejchar
A28: O | C28: Hána ml. | D28: Vladimír | F28: =SUM(H28:AO28) -> 6 | AA28: 1 | AC28: 1 | AD28: 1 | AG28: 1 | AH28: 1 | AJ28: 1 | AQ28: =F28 -> 6 | AS28: =A28 -> O | AU28: =D28 -> Vladimír | AV28: =C28 -> Hána ml.
A29: P | C29: Kučvová | D29: Barbora | F29: =SUM(H29:AO29) -> 9 | Y29: 1 | AA29: 1 | AE29: 1 | AF29: 1 | AG29: 1 | AI29: 1 | AK29: 1 | AL29: 1 | AN29: 1 | AQ29: =F29 -> 9 | AS29: =A29 -> P | AU29: =D29 -> Barbora | AV29: =C29 -> Kučvová
